EmployeeNumber,Attrition,Department,EnvironmentSatisfaction,JobInvolvement,JobRole,JobSatisfaction,MonthlyIncome,OverTime,PercentSalaryHike,PerformanceRating,YearsAtCompany
997,No,Research & Development,4,3,Research Director,4,17399,No,22,4,5
178,No,Research & Development,2,3,Manufacturing Director,2,4941,No,20,4,3
1780,Yes,Sales,2,3,Sales Representative,2,2679,No,13,3,1
644,No,Human Resources,1,3,Manager,2,18200,No,11,3,32
1118,No,Research & Development,2,3,Healthcare Representative,2,10445,No,19,3,8
582,Yes,Research & Development,2,3,Manager,3,13610,Yes,12,3,7
1827,No,Research & Development,3,2,Manufacturing Director,2,10333,Yes,12,3,22
872,No,Research & Development,4,2,Manufacturing Director,4,4775,No,22,4,2
828,Yes,Research & Development,3,3,Research Scientist,3,4382,No,17,3,2
1681,No,Sales,3,3,Sales Executive,4,5368,Yes,25,4,6
215,No,Sales,3,2,Sales Executive,4,10855,No,11,3,12
1371,No,Sales,4,1,Sales Executive,4,5071,No,20,4,6
2012,No,Research & Development,1,3,Laboratory Technician,4,2406,No,19,3,1
1096,No,Research & Development,4,3,Manufacturing Director,2,10976,No,18,3,3
1108,Yes,Research & Development,1,2,Research Scientist,2,2313,Yes,20,4,2
970,Yes,Sales,1,2,Sales Executive,3,10609,No,11,3,14
1779,No,Sales,4,1,Sales Executive,4,6029,No,12,3,2
1280,No,Sales,4,2,Manager,2,18789,No,14,3,11
1582,No,Sales,3,3,Sales Executive,2,9924,No,11,3,9
1311,No,Research & Development,1,2,Laboratory Technician,4,4627,No,12,3,9
847,No,Human Resources,3,3,Human Resources,4,3737,No,19,3,3
1658,No,Research & Development,4,3,Research Scientist,2,5433,No,12,3,11
2036,No,Sales,4,1,Sales Executive,4,5406,No,24,4,15
2040,No,Human Resources,3,3,Human Resources,4,8837,Yes,16,3,9
586,No,Research & Development,4,3,Healthcare Representative,3,7632,Yes,12,3,8
1740,No,Sales,2,3,Manager,2,19833,No,14,3,21
128,No,Sales,1,3,Sales Executive,3,4999,No,21,4,3
981,No,Sales,3,3,Manager,3,14852,No,13,3,17
1671,No,Research & Development,4,3,Research Scientist,2,5470,No,13,3,9
1504,Yes,Research & Development,3,2,Laboratory Technician,1,2561,No,11,3,0
1501,No,Research & Development,4,3,Healthcare Representative,3,4035,Yes,16,3,3
548,No,Research & Development,3,1,Manufacturing Director,4,6091,No,20,4,5
848,Yes,Research & Development,3,2,Research Scientist,3,2366,Yes,14,3,8
811,Yes,Research & Development,3,4,Laboratory Technician,1,1601,Yes,21,4,0
211,No,Research & Development,2,2,Manufacturing Director,3,6132,No,17,3,1
827,No,Research & Development,4,2,Manufacturing Director,4,6062,Yes,13,3,4
856,No,Research & Development,3,2,Research Scientist,1,2559,No,11,3,6
600,No,Sales,2,3,Sales Executive,3,4717,No,11,3,11
701,Yes,Research & Development,4,3,Research Scientist,3,1009,Yes,11,3,1
1387,No,Sales,3,2,Sales Executive,1,4724,No,11,3,5
1202,No,Research & Development,2,1,Research Scientist,4,2168,Yes,18,3,5
520,No,Research & Development,1,2,Research Director,2,14336,No,11,3,25
1180,No,Research & Development,3,2,Research Scientist,4,4422,Yes,13,3,1
1192,No,Research & Development,2,3,Laboratory Technician,4,3131,No,13,3,10
1863,No,Sales,1,4,Sales Executive,1,13225,No,12,3,19
1792,Yes,Research & Development,3,3,Research Scientist,2,2342,Yes,12,3,5
1443,No,Research & Development,1,3,Research Director,3,17169,No,19,3,20
772,No,Research & Development,1,3,Laboratory Technician,4,5309,No,15,3,10
662,No,Research & Development,3,3,Research Scientist,1,2619,No,17,3,0
1352,No,Human Resources,3,3,Manager,2,14026,Yes,11,3,33
422,No,Research & Development,4,1,Healthcare Representative,3,5660,Yes,13,3,5
620,No,Sales,1,3,Sales Executive,3,4859,No,16,3,5
1465,No,Research & Development,2,3,Manufacturing Director,4,9380,Yes,18,3,3
762,No,Research & Development,3,3,Healthcare Representative,4,11103,No,11,3,10
1062,No,Research & Development,4,3,Healthcare Representative,2,4107,No,15,3,4
1700,No,Sales,3,1,Sales Executive,4,9525,No,14,3,6
985,No,Sales,1,4,Sales Executive,3,7880,No,18,3,8
1182,No,Research & Development,3,2,Manufacturing Director,2,10274,No,18,3,7
1070,No,Sales,3,2,Sales Executive,3,10686,No,11,3,9
1046,No,Research & Development,4,3,Laboratory Technician,3,4025,No,12,3,8
473,No,Sales,1,3,Manager,3,12504,No,21,4,0
998,No,Research & Development,3,4,Healthcare Representative,2,5488,Yes,13,3,6
163,Yes,Sales,2,1,Sales Executive,3,6172,Yes,18,3,7
244,No,Sales,2,3,Sales Executive,1,10453,No,25,4,24
393,No,Research & Development,4,3,Healthcare Representative,4,5745,No,14,3,2
1995,No,Sales,4,3,Sales Executive,2,4440,No,15,3,15
1706,No,Sales,4,3,Sales Executive,4,7847,Yes,17,3,10
403,No,Research & Development,2,3,Research Scientist,4,2326,Yes,12,3,4
445,Yes,Sales,4,3,Sales Executive,3,5238,Yes,18,3,1
869,No,Human Resources,2,2,Human Resources,4,4936,No,13,3,5
2049,No,Research & Development,3,3,Healthcare Representative,3,5689,Yes,14,3,10
117,No,Research & Development,3,2,Healthcare Representative,4,4152,No,19,3,11
1307,No,Research & Development,3,2,Manager,2,17123,Yes,13,3,19
1866,No,Research & Development,1,2,Manager,3,19392,No,13,3,16
764,No,Research & Development,4,2,Healthcare Representative,1,6811,No,19,3,7
936,No,Sales,3,2,Sales Executive,3,6244,No,17,3,5
1916,No,Research & Development,1,4,Laboratory Technician,3,3978,No,12,3,2
932,Yes,Research & Development,4,3,Laboratory Technician,1,2404,Yes,21,4,2
1264,No,Research & Development,4,2,Research Director,4,16124,No,14,3,7
396,No,Research & Development,3,3,Research Director,1,18665,Yes,11,3,3
1961,No,Sales,1,2,Sales Representative,1,2858,No,14,3,1
2008,No,Research & Development,2,3,Research Scientist,3,5098,No,19,3,10
468,No,Research & Development,1,3,Research Director,4,15992,No,14,3,1
1537,Yes,Research & Development,4,3,Research Scientist,3,4084,No,12,3,7
1951,No,Sales,4,3,Sales Executive,3,8628,No,18,3,8
924,No,Research & Development,3,3,Healthcare Representative,4,6586,Yes,17,3,16
800,No,Sales,3,3,Sales Executive,4,4342,No,19,3,4
615,No,Sales,3,1,Sales Executive,1,10932,No,15,3,1
1535,No,Sales,4,2,Sales Executive,3,7083,Yes,14,3,10
451,No,Research & Development,3,3,Healthcare Representative,1,9985,No,16,3,1
1453,No,Sales,1,3,Sales Executive,4,10793,No,18,3,13
1999,No,Research & Development,4,3,Research Scientist,4,2782,No,22,4,5
1956,No,Research & Development,4,1,Research Scientist,1,5003,No,21,4,10
1922,No,Research & Development,2,3,Healthcare Representative,3,5399,No,12,3,4
446,No,Sales,2,2,Sales Executive,4,4682,No,14,3,7
434,No,Research & Development,3,3,Research Scientist,2,2478,Yes,12,3,4
2061,No,Research & Development,3,4,Laboratory Technician,4,2571,No,17,3,5
1698,No,Research & Development,2,4,Laboratory Technician,2,2028,No,18,3,14
16,No,Research & Development,1,3,Research Scientist,3,2911,No,17,3,5
235,Yes,Sales,3,1,Sales Representative,1,2325,No,21,4,0
359,No,Research & Development,2,4,Laboratory Technician,2,2794,No,20,4,5
1133,No,Research & Development,1,3,Manufacturing Director,4,7779,No,20,4,11
1794,No,Human Resources,3,3,Human Resources,2,4071,No,13,3,10
1056,No,Sales,4,3,Sales Representative,2,1052,No,22,4,1
183,No,Sales,1,2,Sales Executive,3,8639,No,18,3,2
816,Yes,Research & Development,2,2,Laboratory Technician,1,2319,Yes,11,3,1
1120,No,Research & Development,3,3,Research Scientist,4,2514,No,22,4,7
1035,No,Research & Development,2,1,Research Director,3,19973,No,22,4,21
184,No,Human Resources,3,3,Human Resources,4,6347,Yes,19,3,11
1800,No,Research & Development,3,3,Research Director,3,13464,No,21,4,4
1783,Yes,Research & Development,3,3,Laboratory Technician,1,2398,Yes,17,3,1
308,No,Research & Development,3,1,Manufacturing Director,3,4345,No,12,3,5
1045,No,Sales,4,3,Manager,4,17650,No,13,3,9
547,No,Research & Development,1,3,Research Scientist,3,4556,No,11,3,5
442,No,Research & Development,3,2,Manufacturing Director,3,8943,No,24,4,10
408,No,Research & Development,4,1,Manufacturing Director,2,5482,No,18,3,4
1184,No,Research & Development,4,2,Healthcare Representative,1,5343,No,20,4,13
992,No,Sales,4,3,Manager,3,17444,No,11,3,10
1962,No,Sales,3,3,Sales Executive,4,5204,Yes,11,3,10
1986,No,Sales,2,3,Sales Executive,2,5677,No,14,3,11
1268,No,Sales,4,4,Sales Executive,3,8380,Yes,14,3,9
1163,No,Sales,2,3,Sales Executive,3,5714,No,20,4,6
683,No,Research & Development,2,3,Research Scientist,4,2691,No,12,3,10
1015,No,Research & Development,2,4,Research Director,1,11416,Yes,12,3,8
5,No,Research & Development,4,3,Research Scientist,3,2909,Yes,11,3,8
1002,No,Research & Development,4,3,Laboratory Technician,1,3633,Yes,15,3,9
626,No,Sales,1,3,Sales Executive,2,8834,No,13,3,9
438,No,Sales,4,3,Sales Executive,4,7547,No,12,3,7
8,No,Research & Development,4,3,Laboratory Technician,4,3068,No,13,3,7
1301,No,Research & Development,4,3,Research Scientist,1,2080,No,11,3,3
1407,No,Research & Development,1,2,Research Scientist,4,3904,No,12,3,4
1004,Yes,Research & Development,1,3,Research Scientist,3,2132,Yes,11,3,5
52,No,Sales,3,4,Sales Executive,1,5376,No,19,3,5
743,No,Research & Development,3,3,Manufacturing Director,3,7861,Yes,14,3,1
334,No,Research & Development,3,3,Research Scientist,1,3072,No,16,3,1
179,Yes,Research & Development,1,1,Manufacturing Director,4,10650,No,15,3,4
837,No,Research & Development,1,2,Healthcare Representative,1,6288,No,15,3,4
1864,No,Sales,2,2,Sales Representative,3,3540,No,21,4,9
901,No,Research & Development,4,3,Research Director,4,14275,No,18,3,12
1479,No,Sales,4,3,Sales Executive,3,5301,No,15,3,2
1876,Yes,Sales,2,3,Sales Representative,4,1081,No,13,3,1
806,No,Research & Development,4,1,Laboratory Technician,3,3833,No,21,4,2
1423,No,Research & Development,4,3,Research Director,1,19701,Yes,21,4,9
1047,No,Sales,2,4,Sales Executive,4,9725,No,11,3,15
1918,No,Research & Development,3,4,Laboratory Technician,4,2544,No,18,3,7
500,No,Sales,3,3,Sales Executive,4,4936,No,11,3,7
429,No,Research & Development,3,3,Manager,1,17068,Yes,14,3,21
592,No,Sales,2,3,Sales Executive,4,9980,No,14,3,10
436,No,Sales,3,2,Sales Executive,2,5228,Yes,11,3,13
1071,No,Research & Development,1,3,Research Scientist,3,2942,No,19,3,5
1483,No,Research & Development,2,4,Research Scientist,3,4900,No,24,4,12
568,No,Sales,1,2,Manager,4,14118,No,12,3,1
763,No,Research & Development,4,2,Research Scientist,4,2342,Yes,20,4,4
2023,Yes,Sales,4,3,Sales Representative,1,1790,No,19,3,1
1689,No,Research & Development,2,4,Healthcare Representative,4,7005,No,15,3,4
1675,No,Research & Development,4,2,Laboratory Technician,2,2440,No,22,4,4
829,No,Human Resources,3,3,Human Resources,2,2143,No,13,3,5
312,No,Sales,2,3,Sales Executive,4,7918,No,14,3,11
2015,No,Research & Development,2,1,Research Director,3,13206,No,12,3,18
1993,No,Research & Development,1,3,Healthcare Representative,3,8633,No,23,4,17
1309,Yes,Research & Development,4,3,Laboratory Technician,3,4883,No,18,3,10
1621,No,Research & Development,2,4,Research Scientist,1,5208,No,11,3,16
85,No,Research & Development,2,2,Manufacturing Director,2,6499,No,13,3,6
1420,Yes,Research & Development,1,2,Laboratory Technician,1,4284,No,20,4,4
804,No,Research & Development,3,2,Research Scientist,1,4381,No,11,3,6
1322,No,Research & Development,1,3,Manufacturing Director,3,4534,No,11,3,8
292,No,Research & Development,3,2,Manufacturing Director,3,8474,No,22,4,11
1391,No,Sales,2,3,Sales Executive,2,10596,No,11,3,4
1291,No,Research & Development,3,3,Research Scientist,3,3506,Yes,14,3,3
732,No,Sales,1,3,Sales Executive,1,5405,No,14,3,2
2044,Yes,Sales,2,3,Sales Executive,3,6728,No,12,3,6
1546,No,Research & Development,4,3,Research Scientist,4,2132,No,20,4,5
112,No,Research & Development,4,1,Manufacturing Director,4,7260,No,11,3,6
1857,No,Research & Development,4,3,Manufacturing Director,4,8578,No,14,3,9
1768,No,Research & Development,2,3,Laboratory Technician,2,2766,No,22,4,5
1697,No,Research & Development,3,1,Healthcare Representative,4,10883,No,20,4,1
879,No,Sales,3,3,Sales Executive,1,4194,Yes,18,3,5
1858,No,Human Resources,3,3,Human Resources,4,2706,No,15,3,3
1572,Yes,Research & Development,3,2,Manufacturing Director,4,10169,No,16,3,33
1936,No,Research & Development,1,3,Manufacturing Director,1,5151,No,25,4,10
1867,No,Research & Development,4,2,Research Director,2,19665,No,12,3,22
378,No,Sales,3,3,Sales Executive,4,6502,No,14,3,5
1392,No,Research & Development,4,3,Research Scientist,4,5467,Yes,14,3,6
484,No,Sales,1,3,Sales Representative,4,2610,No,24,4,3
859,No,Sales,2,3,Sales Executive,4,4403,No,11,3,5
4,Yes,Research & Development,4,2,Laboratory Technician,3,2090,Yes,15,3,0
10,No,Research & Development,3,4,Laboratory Technician,1,2670,Yes,20,4,1
425,No,Research & Development,1,3,Laboratory Technician,1,5210,No,18,3,24
881,Yes,Research & Development,4,3,Research Scientist,2,2022,Yes,19,3,10
1257,No,Research & Development,3,3,Research Scientist,2,3692,No,12,3,11
2037,No,Sales,3,2,Sales Executive,2,8938,No,11,3,5
298,No,Sales,4,3,Manager,4,13591,Yes,18,3,1
1292,No,Research & Development,2,4,Research Scientist,2,2372,Yes,16,3,1
35,No,Sales,3,3,Sales Executive,2,6825,No,11,3,9
1495,No,Sales,4,3,Sales Representative,2,2033,No,13,3,1
1157,Yes,Sales,1,3,Sales Executive,1,8224,Yes,17,3,5
902,No,Research & Development,4,3,Healthcare Representative,4,5562,No,13,3,5
885,No,Sales,3,2,Sales Executive,1,4256,No,12,3,5
1006,No,Research & Development,3,3,Research Scientist,3,2684,No,17,3,2
1515,No,Research & Development,4,3,Healthcare Representative,3,6388,Yes,17,3,0
862,No,Sales,1,2,Sales Executive,4,10934,Yes,18,3,5
1126,No,Research & Development,3,3,Manufacturing Director,1,10820,No,11,3,8
351,No,Research & Development,4,2,Laboratory Technician,1,2593,Yes,11,3,9
32,No,Research & Development,3,3,Manager,3,19094,No,11,3,14
454,Yes,Research & Development,2,1,Laboratory Technician,1,2119,Yes,11,3,7
793,No,Research & Development,2,3,Healthcare Representative,3,4335,No,12,3,8
61,No,Research & Development,2,3,Research Scientist,2,3022,No,21,4,1
141,No,Research & Development,1,3,Research Director,2,18172,Yes,19,3,8
469,No,Sales,4,3,Sales Executive,3,4649,No,14,3,4
73,No,Research & Development,1,3,Research Director,4,13458,Yes,12,3,15
1074,No,Research & Development,3,2,Manager,1,16756,No,15,3,9
296,No,Research & Development,2,2,Research Director,2,12490,No,16,3,10
159,No,Research & Development,1,1,Research Scientist,3,2613,No,25,4,10
1256,No,Research & Development,1,2,Manager,3,18711,No,13,3,1
987,No,Research & Development,3,4,Manufacturing Director,3,5067,Yes,19,3,19
95,No,Research & Development,3,3,Research Scientist,2,2501,No,17,3,1
1856,No,Research & Development,2,3,Laboratory Technician,3,2105,No,12,3,2
1308,No,Research & Development,1,3,Research Scientist,3,2372,No,12,3,2
58,Yes,Research & Development,2,3,Research Director,3,19545,No,12,3,22
2054,No,Research & Development,4,2,Research Scientist,1,3785,No,14,3,5
716,No,Research & Development,4,4,Laboratory Technician,3,3221,Yes,11,3,20
2010,No,Research & Development,3,2,Laboratory Technician,2,2837,No,13,3,6
1608,No,Research & Development,2,3,Research Director,4,19049,Yes,14,3,22
1152,No,Human Resources,3,4,Human Resources,3,2844,No,13,3,7
1053,Yes,Research & Development,1,3,Research Scientist,1,2042,Yes,14,3,3
729,No,Sales,4,2,Sales Executive,1,10475,Yes,21,4,18
834,No,Research & Development,2,2,Research Scientist,3,2274,No,14,3,1
624,No,Research & Development,1,3,Healthcare Representative,3,10527,No,11,3,2
1082,Yes,Research & Development,2,2,Healthcare Representative,1,8722,No,12,3,10
1755,No,Research & Development,4,4,Research Scientist,4,2932,Yes,14,3,5
1034,No,Research & Development,3,3,Healthcare Representative,2,6385,Yes,14,3,8
1269,No,Research & Development,2,4,Research Scientist,4,2994,Yes,12,3,1
78,No,Research & Development,1,3,Manufacturing Director,4,6162,Yes,22,4,9
1449,No,Research & Development,3,3,Laboratory Technician,3,3975,No,11,3,8
121,No,Sales,3,2,Sales Executive,2,5209,Yes,12,3,11
926,Yes,Research & Development,2,3,Manufacturing Director,3,4171,Yes,19,3,3
945,No,Research & Development,4,3,Research Scientist,3,2259,No,17,3,0
264,No,Research & Development,1,2,Manager,4,16792,No,23,4,20
386,No,Research & Development,3,3,Research Director,3,17584,Yes,16,3,5
481,No,Sales,1,2,Sales Executive,4,9699,No,11,3,13
710,No,Research & Development,2,1,Research Scientist,4,2720,No,18,3,10
1080,No,Research & Development,4,2,Research Scientist,1,4615,Yes,23,4,16
1025,No,Research & Development,4,3,Manufacturing Director,3,5003,No,14,3,2
248,Yes,Sales,2,3,Sales Representative,2,3140,Yes,22,4,4
1401,No,Research & Development,4,4,Manufacturing Director,3,13247,Yes,11,3,5
145,No,Research & Development,1,2,Healthcare Representative,1,7484,No,20,4,13
55,Yes,Research & Development,1,1,Laboratory Technician,3,2293,No,12,3,1
1556,No,Sales,3,3,Sales Representative,4,2644,Yes,21,4,3
282,Yes,Research & Development,2,3,Healthcare Representative,1,6673,Yes,19,3,1
1613,No,Sales,4,3,Sales Executive,1,5332,No,13,3,5
68,No,Sales,2,3,Sales Executive,1,5454,Yes,21,4,4
747,No,Sales,3,3,Sales Executive,4,5304,No,23,4,8
1331,Yes,Sales,4,3,Sales Representative,2,2302,Yes,11,3,3
1405,Yes,Research & Development,4,3,Research Scientist,3,2394,Yes,13,3,8
1136,No,Research & Development,1,2,Research Scientist,2,3201,No,17,3,5
1009,No,Research & Development,4,2,Manufacturing Director,3,4377,No,15,3,4
249,No,Research & Development,3,2,Laboratory Technician,3,3690,No,15,3,3
182,No,Sales,4,2,Sales Executive,3,5902,No,14,3,15
1298,No,Research & Development,3,3,Manufacturing Director,3,4695,Yes,18,3,8
104,No,Research & Development,4,2,Laboratory Technician,4,5126,Yes,12,3,10
1669,No,Sales,1,2,Sales Executive,2,4187,Yes,13,3,10
140,No,Human Resources,3,2,Manager,4,18844,No,21,4,3
742,No,Research & Development,1,4,Research Director,1,11713,No,14,3,8
994,Yes,Research & Development,4,2,Research Scientist,1,2404,Yes,20,4,0
648,Yes,Sales,2,2,Sales Representative,1,2033,No,18,3,1
226,No,Research & Development,3,3,Manager,2,19926,No,15,3,5
340,No,Research & Development,3,2,Research Scientist,1,3920,No,14,3,3
421,No,Research & Development,1,2,Research Director,2,12061,No,17,3,10
599,No,Sales,4,3,Sales Executive,4,6230,No,14,3,14
1762,No,Research & Development,4,2,Research Scientist,1,2109,No,13,3,1
452,No,Research & Development,4,3,Research Scientist,4,3697,No,14,3,10
129,No,Sales,2,3,Sales Executive,3,4221,No,15,3,5
1954,No,Research & Development,1,3,Healthcare Representative,1,5373,No,12,3,5
1109,No,Research & Development,4,3,Manager,1,17665,No,17,3,22
1263,No,Research & Development,4,2,Research Director,4,18265,No,12,3,1
137,Yes,Research & Development,4,2,Laboratory Technician,4,2926,Yes,18,3,1
581,No,Research & Development,3,3,Manufacturing Director,2,10648,No,25,4,13
1722,No,Human Resources,3,1,Human Resources,2,6430,No,19,3,3
1844,Yes,Human Resources,1,2,Human Resources,1,2335,Yes,15,3,2
1171,No,Sales,2,3,Sales Executive,1,5155,No,13,3,6
2045,No,Sales,2,2,Sales Executive,4,6652,No,13,3,6
412,No,Research & Development,2,4,Healthcare Representative,1,5661,No,19,3,8
1734,Yes,Sales,1,1,Sales Executive,2,6735,No,15,3,0
1682,No,Research & Development,1,3,Healthcare Representative,3,5347,No,14,3,3
517,No,Research & Development,2,3,Laboratory Technician,1,2576,No,16,3,5
327,No,Sales,4,3,Manager,4,16064,Yes,22,4,17
1710,No,Sales,3,3,Sales Representative,4,4502,No,15,3,13
369,No,Research & Development,2,4,Healthcare Representative,1,4000,No,12,3,6
419,No,Research & Development,2,3,Laboratory Technician,2,5674,No,15,3,9
154,No,Sales,2,3,Sales Executive,4,9738,No,14,3,9
1668,No,Research & Development,4,3,Research Scientist,4,4735,No,15,3,13
939,No,Research & Development,3,2,Research Scientist,1,2799,Yes,11,3,3
341,No,Research & Development,1,4,Manufacturing Director,3,6434,No,17,3,3
1898,No,Sales,1,4,Sales Executive,3,6500,No,14,3,8
1489,Yes,Sales,1,2,Sales Executive,2,4599,Yes,23,4,15
94,No,Research & Development,3,3,Research Scientist,2,2703,No,23,4,5
125,No,Sales,2,3,Sales Executive,3,5010,No,16,3,11
1124,No,Sales,1,3,Manager,3,17465,No,12,3,12
42,Yes,Sales,4,3,Sales Representative,4,2086,No,14,3,1
1523,No,Research & Development,4,3,Research Director,1,16328,No,13,3,20
601,No,Research & Development,2,3,Manufacturing Director,3,13237,No,15,3,20
597,No,Sales,1,3,Manager,2,16835,No,23,4,10
999,No,Research & Development,1,3,Research Director,3,19419,No,17,3,18
1188,Yes,Sales,1,1,Sales Executive,3,5346,No,13,3,4
1583,No,Sales,2,3,Sales Executive,2,4198,No,12,3,3
1752,Yes,Sales,2,1,Sales Representative,2,2760,No,13,3,2
1417,No,Research & Development,3,4,Laboratory Technician,1,3578,No,12,3,7
101,No,Research & Development,4,3,Research Director,1,13245,Yes,14,3,0
110,No,Research & Development,1,3,Manufacturing Director,2,4325,No,15,3,5
1382,No,Research & Development,4,4,Research Scientist,3,2610,No,11,3,4
106,No,Sales,1,3,Sales Executive,4,10239,No,14,3,1
614,Yes,Sales,2,3,Sales Representative,2,1878,Yes,14,3,0
1628,No,Research & Development,1,2,Manufacturing Director,3,10435,No,13,3,18
942,No,Research & Development,4,3,Healthcare Representative,4,4014,Yes,25,4,10
1315,No,Research & Development,3,1,Laboratory Technician,4,6674,No,11,3,9
1680,No,Sales,4,3,Sales Representative,1,2728,No,11,3,2
584,Yes,Research & Development,1,1,Laboratory Technician,4,3408,No,13,3,4
895,No,Research & Development,4,3,Research Scientist,4,2356,Yes,19,3,6
1092,No,Research & Development,1,3,Healthcare Representative,4,10322,No,20,4,11
1215,No,Research & Development,4,3,Manager,1,17856,No,22,4,2
1648,No,Research & Development,4,3,Research Scientist,4,2580,No,13,3,4
536,No,Research & Development,3,3,Laboratory Technician,1,4558,No,12,3,10
1790,No,Research & Development,4,3,Healthcare Representative,1,8321,Yes,13,3,12
1472,No,Research & Development,4,4,Research Director,2,16598,No,12,3,9
1803,No,Research & Development,2,4,Healthcare Representative,1,5538,No,18,3,0
139,No,Research & Development,3,2,Healthcare Representative,4,5163,No,14,3,1
843,No,Research & Development,2,3,Research Director,1,17159,No,24,4,4
1270,No,Research & Development,4,3,Research Scientist,3,1223,No,22,4,1
1409,No,Research & Development,3,3,Laboratory Technician,1,2950,No,13,3,5
1249,No,Research & Development,1,3,Research Scientist,4,3760,No,15,3,3
80,No,Research & Development,2,2,Research Director,3,18740,Yes,12,3,27
387,No,Sales,2,3,Sales Executive,3,4907,No,25,4,20
2068,No,Research & Development,2,4,Laboratory Technician,3,4404,No,12,3,4
330,No,Sales,3,3,Sales Representative,2,3931,No,11,3,4
307,No,Sales,1,3,Sales Executive,3,10609,No,12,3,16
197,No,Research & Development,4,3,Research Scientist,1,3204,No,14,3,3
1935,No,Sales,4,2,Sales Executive,1,5380,No,16,3,0
497,No,Research & Development,4,3,Laboratory Technician,2,3816,No,11,3,5
155,No,Research & Development,1,3,Laboratory Technician,4,2835,No,22,4,1
1802,No,Research & Development,3,3,Laboratory Technician,1,3377,No,17,3,4
342,Yes,Research & Development,1,3,Manufacturing Director,3,10048,No,11,3,1
1994,No,Research & Development,2,2,Laboratory Technician,3,2008,No,12,3,1
13,No,Research & Development,3,3,Healthcare Representative,3,5237,No,13,3,7
602,No,Research & Development,3,3,Laboratory Technician,3,3755,No,11,3,8
990,No,Sales,1,3,Sales Executive,4,5079,No,13,3,7
350,No,Research & Development,1,3,Manufacturing Director,3,4898,No,12,3,4
823,No,Research & Development,3,3,Manufacturing Director,2,5228,No,15,3,9
518,No,Research & Development,3,3,Manufacturing Director,2,4197,Yes,12,3,1
1282,No,Sales,4,3,Manager,2,19847,Yes,24,4,29
1655,No,Research & Development,1,3,Research Director,2,16413,No,16,3,4
771,No,Research & Development,4,3,Healthcare Representative,1,5093,No,11,3,1
1767,Yes,Research & Development,3,2,Research Scientist,3,2437,Yes,16,3,1
1114,No,Sales,4,3,Sales Executive,2,4302,No,17,3,3
618,No,Sales,1,3,Sales Executive,3,4306,No,12,3,0
1007,No,Research & Development,4,3,Manufacturing Director,3,10845,No,13,3,8
1907,Yes,Research & Development,1,3,Laboratory Technician,4,2587,No,16,3,4
195,No,Sales,4,1,Sales Executive,4,4668,No,17,3,8
680,No,Research & Development,3,3,Research Scientist,3,2083,No,20,4,1
1562,Yes,Sales,2,2,Sales Executive,1,9714,No,11,3,10
1027,No,Research & Development,1,3,Manufacturing Director,4,4227,No,18,3,3
1911,No,Research & Development,3,3,Research Director,1,13348,No,13,3,13
1016,Yes,Research & Development,4,2,Research Scientist,1,2600,Yes,15,3,1
738,No,Sales,4,3,Sales Representative,2,3875,No,15,3,2
243,Yes,Research & Development,2,2,Laboratory Technician,4,1102,No,22,4,1
1996,No,Sales,1,3,Sales Representative,3,3067,No,19,3,2
974,No,Sales,3,3,Sales Representative,4,2157,No,15,3,3
1860,No,Research & Development,4,3,Laboratory Technician,3,3968,No,13,3,0
1880,No,Sales,2,2,Sales Executive,3,5673,Yes,13,3,10
1167,Yes,Sales,3,3,Sales Executive,1,13758,Yes,12,3,21
1204,No,Sales,3,3,Manager,1,17048,No,23,4,26
2056,No,Sales,2,2,Sales Executive,4,12031,No,11,3,20
11,No,Research & Development,4,3,Laboratory Technician,3,2693,No,22,4,1
1435,No,Research & Development,1,2,Laboratory Technician,4,5810,No,16,3,10
927,Yes,Research & Development,2,1,Laboratory Technician,4,2778,Yes,13,3,7
1605,No,Research & Development,2,2,Research Scientist,3,2814,Yes,14,3,4
478,Yes,Sales,1,2,Sales Representative,2,2174,Yes,11,3,3
1085,No,Research & Development,2,4,Research Scientist,3,3376,No,13,3,10
1564,No,Research & Development,4,2,Laboratory Technician,1,2450,No,19,3,3
447,No,Research & Development,4,3,Research Director,3,18300,No,11,3,3
1460,No,Research & Development,2,1,Healthcare Representative,1,10851,Yes,18,3,7
1590,No,Research & Development,1,3,Healthcare Representative,4,8853,No,19,3,6
2060,No,Sales,4,2,Sales Representative,3,2966,No,18,3,4
353,No,Research & Development,3,3,Research Scientist,4,2723,No,11,3,1
1932,No,Research & Development,3,2,Research Scientist,4,5747,Yes,15,3,15
496,No,Research & Development,3,2,Healthcare Representative,2,6540,No,19,3,1
1534,Yes,Research & Development,4,3,Laboratory Technician,1,2018,No,14,3,5
1242,No,Research & Development,1,3,Research Director,1,13191,Yes,17,3,1
193,No,Research & Development,4,3,Research Scientist,3,4317,Yes,20,4,3
720,Yes,Sales,1,3,Sales Executive,3,4577,No,14,3,2
1588,No,Sales,4,4,Sales Executive,3,8237,No,11,3,7
1361,No,Research & Development,2,3,Laboratory Technician,2,2387,No,22,4,4
1553,No,Research & Development,1,3,Healthcare Representative,2,7441,No,12,3,10
2051,No,Research & Development,3,3,Research Scientist,3,2001,No,14,3,5
590,Yes,Human Resources,2,3,Human Resources,1,9950,Yes,15,3,3
727,No,Research & Development,3,3,Research Director,4,11159,No,15,3,7
1656,No,Research & Development,4,2,Research Director,1,13269,No,15,3,14
311,No,Sales,1,3,Sales Representative,4,2793,No,17,3,9
1421,Yes,Research & Development,3,3,Healthcare Representative,4,7553,Yes,12,3,8
314,No,Sales,3,3,Sales Executive,3,8789,No,14,3,10
1833,No,Sales,1,3,Sales Executive,1,9637,No,14,3,3
1782,No,Research & Development,4,2,Laboratory Technician,3,3702,No,11,3,5
293,No,Sales,4,3,Sales Executive,3,9981,No,14,3,7
103,No,Human Resources,2,3,Human Resources,2,5021,Yes,22,4,4
200,No,Research & Development,3,3,Laboratory Technician,1,2238,No,21,4,5
1128,No,Research & Development,3,2,Research Director,3,19626,No,14,3,20
1211,No,Sales,3,3,Sales Executive,1,4115,No,19,3,4
1224,No,Research & Development,3,3,Laboratory Technician,3,3491,No,13,3,10
934,No,Research & Development,2,3,Laboratory Technician,2,2008,No,14,3,1
1598,No,Sales,4,3,Sales Executive,1,4639,No,15,3,5
766,No,Sales,4,3,Sales Representative,2,2297,No,14,3,2
1217,No,Research & Development,4,3,Research Director,2,19081,No,11,3,4
176,No,Sales,3,3,Sales Executive,3,8189,Yes,13,3,9
1929,No,Sales,1,1,Sales Executive,3,5736,No,19,3,3
1143,No,Research & Development,4,3,Research Scientist,2,3291,No,14,3,7
546,No,Research & Development,4,3,Manager,4,16555,No,13,3,5
1394,No,Research & Development,3,3,Research Scientist,3,2996,Yes,15,3,6
690,No,Sales,2,3,Sales Executive,3,5561,No,14,3,6
1683,No,Human Resources,3,3,Human Resources,4,3195,Yes,18,3,2
684,Yes,Sales,1,3,Sales Executive,1,4286,No,14,3,1
1399,No,Sales,1,4,Sales Executive,3,6232,No,11,3,3
467,No,Sales,2,3,Sales Representative,3,2976,No,19,3,0
515,No,Research & Development,4,3,Laboratory Technician,1,3034,No,12,3,18
1,Yes,Sales,2,3,Sales Executive,4,5993,Yes,11,3,6
482,No,Research & Development,4,3,Healthcare Representative,3,6755,No,11,3,3
1156,Yes,Research & Development,3,3,Laboratory Technician,3,1904,No,12,3,0
1955,No,Research & Development,3,3,Healthcare Representative,4,6667,No,18,3,5
641,No,Sales,1,3,Sales Executive,2,6272,No,20,4,5
1758,Yes,Sales,1,3,Sales Executive,1,8564,Yes,20,4,0
75,No,Research & Development,3,3,Laboratory Technician,1,4014,Yes,15,3,2
882,No,Research & Development,4,3,Laboratory Technician,4,2314,No,12,3,3
1797,Yes,Sales,3,3,Sales Executive,4,5813,Yes,18,3,10
1458,Yes,Research & Development,1,2,Laboratory Technician,1,3646,Yes,23,4,1
1360,Yes,Research & Development,3,2,Manufacturing Director,1,10008,Yes,14,3,10
238,No,Research & Development,4,3,Laboratory Technician,2,2088,No,12,3,8
604,No,Sales,2,3,Sales Executive,4,6582,Yes,13,3,6
164,No,Research & Development,3,2,Research Scientist,2,2368,No,19,3,5
1310,Yes,Research & Development,3,3,Research Scientist,1,3904,No,13,3,5
725,No,Research & Development,3,3,Manufacturing Director,1,7412,No,11,3,9
1200,Yes,Research & Development,3,3,Research Scientist,3,2936,Yes,11,3,6
996,No,Research & Development,4,3,Laboratory Technician,4,2270,No,14,3,5
119,No,Research & Development,3,2,Healthcare Representative,2,13503,No,22,4,22
2000,No,Research & Development,3,3,Research Director,2,11957,No,18,3,13
247,No,Research & Development,4,3,Research Scientist,2,2311,No,15,3,3
1225,No,Research & Development,4,3,Research Scientist,4,4541,No,25,4,20
1362,No,Sales,1,4,Sales Executive,1,4639,No,16,3,15
1094,No,Research & Development,1,1,Laboratory Technician,3,4621,No,19,3,3
554,Yes,Sales,1,3,Sales Representative,2,3202,Yes,16,3,5
343,No,Research & Development,3,3,Healthcare Representative,3,10938,No,25,4,19
90,Yes,Research & Development,4,2,Research Scientist,3,3388,Yes,17,3,1
1115,No,Research & Development,3,2,Research Scientist,4,2979,No,17,3,0
174,No,Sales,3,3,Sales Executive,4,9208,No,11,3,2
410,No,Sales,4,3,Manager,2,16015,No,19,3,22
1389,Yes,Research & Development,4,3,Manufacturing Director,3,6179,Yes,15,3,10
444,No,Research & Development,3,2,Manager,4,19272,No,15,3,21
2020,No,Research & Development,2,3,Research Scientist,4,2436,Yes,12,3,4
1545,No,Research & Development,4,2,Manufacturing Director,2,4320,No,13,3,5
677,No,Sales,3,3,Sales Executive,3,7104,No,12,3,5
2018,No,Sales,1,3,Sales Executive,3,4907,Yes,22,4,5
1161,No,Research & Development,3,2,Healthcare Representative,4,5731,No,13,3,6
486,No,Research & Development,3,3,Laboratory Technician,1,3452,No,20,4,5
667,Yes,Sales,3,3,Sales Representative,1,3041,No,11,3,4
1992,No,Research & Development,4,3,Laboratory Technician,3,3977,Yes,19,3,2
456,No,Sales,4,2,Sales Executive,3,6118,No,13,3,10
565,Yes,Research & Development,3,2,Research Scientist,2,2546,No,16,3,2
224,No,Research & Development,3,2,Research Scientist,3,2566,Yes,15,3,1
36,No,Research & Development,1,2,Healthcare Representative,4,10248,No,14,3,22
705,No,Research & Development,1,4,Research Scientist,1,2819,No,16,3,3
262,No,Research & Development,4,4,Research Scientist,4,2089,No,14,3,5
1299,Yes,Research & Development,2,3,Laboratory Technician,3,3339,Yes,13,3,7
1870,No,Research & Development,4,2,Research Scientist,1,4774,No,19,3,7
1869,Yes,Sales,3,3,Sales Executive,2,7314,No,21,4,8
231,No,Research & Development,3,3,Research Scientist,3,3038,No,20,4,5
228,No,Sales,2,3,Sales Executive,4,9419,No,12,3,10
904,No,Sales,1,3,Sales Executive,2,7642,Yes,13,3,10
239,No,Research & Development,3,3,Laboratory Technician,1,3072,No,11,3,12
709,No,Sales,4,2,Sales Executive,4,4028,No,20,4,7
1670,No,Sales,4,3,Sales Executive,4,5505,No,14,3,6
1630,No,Research & Development,3,3,Healthcare Representative,3,4148,No,12,3,14
1275,No,Research & Development,3,3,Research Scientist,4,2875,Yes,20,4,8
663,No,Research & Development,4,3,Laboratory Technician,3,5679,Yes,13,3,8
96,No,Research & Development,2,3,Research Scientist,2,6220,No,17,3,10
1721,No,Research & Development,2,3,Laboratory Technician,3,3477,No,14,3,5
813,No,Research & Development,4,3,Laboratory Technician,3,3149,No,20,4,5
1039,No,Sales,4,4,Sales Executive,4,13320,Yes,18,3,12
912,No,Research & Development,1,2,Laboratory Technician,4,2532,No,14,3,4
1175,Yes,Research & Development,3,3,Laboratory Technician,4,2515,Yes,11,3,1
325,Yes,Research & Development,3,3,Laboratory Technician,4,2436,Yes,13,3,5
1017,Yes,Research & Development,2,3,Laboratory Technician,2,2422,No,17,3,3
297,Yes,Research & Development,4,3,Research Scientist,1,2657,Yes,11,3,5
221,No,Research & Development,3,3,Research Scientist,4,2713,No,11,3,5
175,Yes,Sales,2,1,Sales Executive,3,4559,Yes,11,3,2
2021,No,Sales,3,3,Sales Representative,1,2380,Yes,11,3,2
306,No,Research & Development,2,3,Research Director,4,12185,Yes,14,3,10
1687,No,Research & Development,4,3,Laboratory Technician,3,3306,No,19,3,0
1303,No,Research & Development,4,3,Research Scientist,2,2096,No,18,3,2
252,No,Research & Development,4,3,Research Scientist,2,2756,No,13,3,8
54,No,Research & Development,4,3,Laboratory Technician,1,2341,No,13,3,1
966,No,Research & Development,3,3,Manufacturing Director,1,6725,No,12,3,8
143,No,Research & Development,4,2,Research Scientist,4,2889,No,11,3,2
51,No,Research & Development,2,2,Research Scientist,1,3419,Yes,14,3,1
787,Yes,Research & Development,4,3,Manager,1,19859,Yes,13,3,5
1854,No,Research & Development,3,3,Research Scientist,3,2936,No,22,4,6
1878,Yes,Research & Development,4,3,Research Scientist,2,2472,Yes,23,4,1
1989,No,Research & Development,4,3,Laboratory Technician,2,3748,No,13,3,12
652,No,Research & Development,1,2,Laboratory Technician,4,3681,No,14,3,3
630,No,Research & Development,4,3,Research Scientist,1,5577,Yes,12,3,10
1245,No,Research & Development,4,3,Manufacturing Director,3,10502,No,17,3,5
1319,Yes,Sales,2,3,Sales Executive,2,8446,Yes,19,3,8
31,Yes,Research & Development,2,3,Research Scientist,1,2960,No,11,3,4
1973,No,Human Resources,3,4,Manager,2,19636,Yes,18,3,10
1408,No,Human Resources,3,3,Manager,1,16799,No,14,3,20
88,No,Research & Development,2,3,Research Scientist,1,2194,No,13,3,3
1239,No,Sales,2,2,Sales Executive,2,6852,No,12,3,5
1736,No,Research & Development,4,3,Manufacturing Director,4,5238,No,20,4,5
488,Yes,Sales,1,3,Sales Executive,2,9355,No,18,3,8
686,No,Research & Development,3,3,Laboratory Technician,4,2659,Yes,13,3,3
1190,No,Sales,3,3,Sales Representative,1,2827,No,12,3,1
1805,No,Human Resources,1,3,Human Resources,2,2592,No,13,3,11
511,No,Research & Development,1,3,Research Scientist,2,2244,No,13,3,2
1019,No,Research & Development,2,1,Laboratory Technician,1,2451,No,15,3,4
1001,No,Research & Development,3,3,Laboratory Technician,2,2811,No,14,3,2
1835,No,Sales,2,1,Sales Representative,4,5405,Yes,20,4,4
611,No,Research & Development,4,3,Manufacturing Director,4,4262,No,12,3,3
364,Yes,Research & Development,1,3,Laboratory Technician,3,3485,No,11,3,0
98,No,Research & Development,3,3,Manufacturing Director,4,4424,No,23,4,11
1278,No,Research & Development,4,2,Healthcare Representative,2,13577,Yes,15,3,33
321,No,Human Resources,2,3,Human Resources,3,2267,No,17,3,2
595,No,Sales,2,3,Sales Executive,4,4051,No,14,3,9
525,No,Research & Development,4,3,Laboratory Technician,4,2258,No,20,4,3
845,No,Research & Development,3,3,Manufacturing Director,3,10221,No,21,4,8
242,No,Research & Development,3,3,Research Scientist,4,2500,No,14,3,3
23,No,Sales,1,2,Manager,4,15427,No,16,3,25
1801,No,Sales,2,2,Sales Executive,2,7991,No,15,3,2
1461,No,Human Resources,4,4,Human Resources,2,2109,No,18,3,3
461,No,Research & Development,3,2,Research Director,4,11510,Yes,14,3,11
1424,No,Research & Development,2,4,Research Director,4,14732,No,13,3,7
1233,No,Sales,2,4,Sales Executive,4,5220,Yes,18,3,11
825,Yes,Research & Development,4,3,Research Director,2,19246,Yes,12,3,31
79,No,Research & Development,4,3,Laboratory Technician,4,2406,No,11,3,10
1732,No,Sales,3,3,Sales Executive,4,10368,Yes,12,3,10
377,No,Research & Development,4,3,Research Scientist,4,2070,No,23,4,5
2032,Yes,Research & Development,4,3,Laboratory Technician,3,2339,No,11,3,10
1220,No,Sales,2,3,Sales Executive,3,4539,No,12,3,10
1552,No,Research & Development,4,3,Healthcare Representative,4,4069,Yes,18,3,2
1944,Yes,Human Resources,1,2,Human Resources,2,2863,No,12,3,1
384,No,Research & Development,3,3,Manufacturing Director,2,6397,No,20,4,6
1804,No,Research & Development,2,3,Manufacturing Director,4,5762,No,14,3,7
969,No,Research & Development,2,2,Healthcare Representative,4,6949,No,14,3,5
492,Yes,Sales,3,2,Sales Executive,3,6380,Yes,12,3,6
1905,Yes,Research & Development,4,1,Research Scientist,1,2307,Yes,23,4,5
47,Yes,Sales,1,2,Sales Representative,3,2683,Yes,14,3,3
1022,No,Research & Development,1,2,Healthcare Representative,3,4240,No,13,3,2
1830,No,Research & Development,4,3,Research Scientist,4,6854,No,15,3,7
922,Yes,Sales,3,2,Sales Representative,3,2044,No,13,3,2
1813,No,Research & Development,1,3,Research Scientist,3,2438,No,13,3,3
1859,No,Research & Development,4,1,Healthcare Representative,3,6384,No,17,3,7
1374,No,Research & Development,1,2,Research Scientist,3,2029,No,20,4,5
752,Yes,Research & Development,3,4,Research Scientist,3,2759,Yes,12,3,2
1647,No,Research & Development,2,4,Research Scientist,3,3517,No,17,3,3
959,Yes,Sales,4,2,Sales Representative,2,2121,Yes,13,3,1
1026,No,Research & Development,4,2,Manufacturing Director,4,12742,No,16,3,21
260,No,Research & Development,4,3,Research Scientist,2,2279,No,16,3,7
1283,No,Research & Development,4,3,Manufacturing Director,4,10512,No,12,3,9
613,No,Sales,3,2,Manager,4,11557,No,21,4,5
1216,No,Research & Development,4,2,Laboratory Technician,1,3196,No,12,3,6
523,No,Sales,3,3,Sales Executive,3,6538,No,15,3,3
941,No,Sales,2,2,Sales Representative,3,2329,No,15,3,7
1050,No,Sales,3,2,Sales Executive,2,7525,No,12,3,15
2034,No,Research & Development,1,2,Manufacturing Director,2,13570,No,23,4,20
1013,No,Research & Development,3,3,Manufacturing Director,3,10739,No,11,3,10
562,No,Research & Development,3,3,Laboratory Technician,4,2097,No,15,3,5
499,No,Research & Development,2,2,Healthcare Representative,3,10965,No,24,4,5
550,No,Research & Development,3,3,Manufacturing Director,3,4810,No,14,3,10
97,No,Research & Development,2,4,Laboratory Technician,4,3038,No,12,3,1
1939,Yes,Research & Development,1,4,Research Scientist,3,2432,Yes,14,3,4
1619,No,Research & Development,4,2,Laboratory Technician,1,4066,No,11,3,7
679,No,Research & Development,1,3,Research Scientist,4,6322,Yes,12,3,6
1150,No,Research & Development,2,2,Manufacturing Director,4,5056,Yes,15,3,10
267,No,Research & Development,2,4,Research Scientist,1,3564,Yes,12,3,8
1601,No,Research & Development,3,2,Laboratory Technician,4,2690,No,18,3,1
851,No,Sales,1,3,Manager,3,16307,No,14,3,20
151,No,Research & Development,3,2,Research Scientist,2,4505,No,15,3,1
558,No,Sales,3,3,Manager,3,18041,No,14,3,20
1972,No,Human Resources,4,3,Human Resources,2,2991,Yes,11,3,6
1363,No,Research & Development,4,3,Manufacturing Director,4,7898,No,11,3,10
836,No,Research & Development,2,3,Manufacturing Director,2,4434,No,13,3,9
1979,No,Research & Development,3,3,Research Director,3,11031,No,20,4,11
118,Yes,Sales,3,2,Sales Executive,4,9619,No,16,3,9
1185,No,Research & Development,4,2,Laboratory Technician,4,2376,No,13,3,2
1928,Yes,Sales,3,4,Sales Representative,1,1091,No,17,3,1
1976,No,Research & Development,4,2,Research Scientist,3,4332,No,12,3,20
1043,No,Research & Development,4,3,Manufacturing Director,1,10880,Yes,13,3,21
675,No,Research & Development,1,3,Research Scientist,3,2773,No,20,4,2
15,No,Research & Development,4,2,Laboratory Technician,3,4193,Yes,12,3,9
526,No,Research & Development,3,3,Healthcare Representative,3,4522,Yes,14,3,5
390,No,Research & Development,1,3,Healthcare Representative,1,4741,Yes,13,3,5
961,No,Research & Development,4,3,Healthcare Representative,4,5855,Yes,11,3,9
1692,Yes,Research & Development,4,3,Laboratory Technician,2,1393,No,12,3,1
1940,No,Research & Development,2,3,Research Scientist,4,4771,No,19,3,5
960,Yes,Research & Development,1,3,Laboratory Technician,1,2973,No,19,3,1
1191,No,Research & Development,4,3,Manager,1,19943,No,13,3,5
216,No,Sales,3,3,Sales Representative,3,2231,No,18,3,4
1251,No,Research & Development,3,3,Healthcare Representative,1,6833,Yes,12,3,6
1644,No,Research & Development,3,2,Manager,4,15202,No,25,4,2
352,No,Research & Development,1,3,Research Director,3,19436,No,19,3,21
453,No,Sales,2,1,Sales Executive,4,7457,Yes,22,4,4
1945,No,Sales,2,3,Sales Executive,1,5561,No,16,3,5
1467,Yes,Human Resources,1,3,Human Resources,3,2742,No,15,3,2
704,No,Research & Development,3,2,Laboratory Technician,3,1281,No,18,3,1
1431,No,Research & Development,4,3,Research Scientist,1,2996,No,14,3,4
1066,No,Sales,3,3,Sales Executive,1,8396,No,14,3,7
1807,Yes,Research & Development,4,3,Laboratory Technician,1,5346,No,17,3,7
1052,Yes,Research & Development,1,3,Laboratory Technician,3,4834,No,14,3,1
1527,No,Sales,3,3,Manager,2,16606,No,12,3,13
714,No,Sales,4,4,Sales Executive,4,4647,Yes,20,4,6
28,No,Research & Development,1,3,Research Director,2,11994,No,11,3,12
477,No,Research & Development,1,2,Healthcare Representative,4,6781,No,23,4,1
1747,Yes,Human Resources,3,2,Human Resources,4,2180,No,11,3,4
460,No,Research & Development,4,3,Manufacturing Director,4,6347,No,16,3,6
578,No,Research & Development,3,3,Laboratory Technician,3,3780,No,11,3,1
638,No,Research & Development,4,2,Research Director,3,19502,Yes,17,3,31
300,Yes,Research & Development,3,3,Research Scientist,3,2058,No,14,3,6
1273,Yes,Sales,3,1,Sales Representative,4,1118,Yes,14,3,1
1937,No,Research & Development,4,2,Research Scientist,2,2133,Yes,16,3,20
1425,No,Sales,1,3,Sales Executive,2,9278,Yes,16,3,5
2014,No,Research & Development,1,3,Research Scientist,4,4108,No,13,3,7
124,No,Research & Development,3,2,Healthcare Representative,1,10673,Yes,13,3,10
1422,No,Research & Development,4,3,Research Director,4,17328,No,19,3,20
972,No,Research & Development,3,3,Laboratory Technician,2,4447,No,12,3,9
1403,No,Sales,4,2,Sales Executive,4,5769,Yes,11,3,6
206,No,Research & Development,2,3,Laboratory Technician,2,2348,No,18,3,17
1784,No,Sales,1,2,Sales Executive,4,5468,No,14,3,12
2064,No,Research & Development,2,4,Manufacturing Director,2,6142,Yes,20,4,6
1098,Yes,Human Resources,2,2,Human Resources,1,10482,No,14,3,20
805,No,Sales,1,3,Sales Representative,4,2572,No,16,3,3
983,No,Sales,3,3,Sales Executive,4,5666,Yes,13,3,5
1729,No,Research & Development,2,3,Research Scientist,4,2862,No,12,3,10
657,No,Research & Development,4,2,Research Scientist,2,2836,No,13,3,1
773,No,Research & Development,4,3,Research Scientist,3,3057,Yes,13,3,1
1113,Yes,Sales,4,3,Sales Executive,3,4728,Yes,14,3,0
700,No,Research & Development,1,2,Research Scientist,4,2045,No,13,3,4
878,No,Human Resources,1,2,Human Resources,1,2342,No,21,4,5
1542,No,Research & Development,3,2,Laboratory Technician,2,4841,No,14,3,1
1837,No,Research & Development,1,3,Research Director,3,15787,Yes,14,3,2
1099,No,Research & Development,4,2,Healthcare Representative,4,7119,No,15,3,3
153,No,Research & Development,3,2,Manager,1,11631,No,12,3,11
1028,No,Research & Development,2,3,Laboratory Technician,4,3917,No,20,4,3
1529,No,Research & Development,4,2,Healthcare Representative,2,8606,No,19,3,11
1158,No,Research & Development,2,3,Laboratory Technician,4,4766,Yes,11,3,1
158,No,Sales,3,3,Manager,4,16959,Yes,12,3,25
911,Yes,Research & Development,1,3,Laboratory Technician,4,2795,Yes,24,4,1
880,No,Research & Development,4,2,Manufacturing Director,3,10685,Yes,20,4,17
493,No,Research & Development,3,2,Research Scientist,2,2657,Yes,16,3,2
372,No,Research & Development,3,3,Healthcare Representative,4,13496,Yes,14,3,20
910,No,Human Resources,4,3,Human Resources,2,2277,Yes,11,3,4
1304,No,Sales,3,4,Sales Executive,4,6209,No,15,3,10
1140,No,Research & Development,4,3,Manufacturing Director,3,4033,No,11,3,3
1212,No,Sales,2,3,Sales Executive,2,4327,No,12,3,0
60,No,Sales,2,3,Sales Executive,3,4568,No,20,4,9
1771,No,Research & Development,4,3,Research Scientist,2,3055,No,15,3,9
1396,No,Sales,3,3,Sales Executive,2,4078,Yes,13,3,3
1226,No,Sales,3,4,Sales Representative,4,2678,No,17,3,2
1073,No,Research & Development,4,2,Manufacturing Director,4,8858,No,11,3,14
7,No,Research & Development,1,3,Laboratory Technician,2,3468,No,12,3,2
1415,No,Research & Development,1,3,Laboratory Technician,4,3229,No,11,3,3
1787,No,Sales,2,2,Sales Executive,2,4189,No,14,3,5
363,No,Sales,3,1,Manager,2,16872,Yes,12,3,7
1635,No,Research & Development,4,2,Manufacturing Director,4,5770,No,19,3,10
1882,No,Sales,3,3,Sales Executive,4,9713,Yes,13,3,5
593,Yes,Research & Development,3,2,Laboratory Technician,3,3894,No,16,3,2
1412,No,Research & Development,3,3,Manufacturing Director,4,9362,No,11,3,2
1522,Yes,Research & Development,1,2,Research Scientist,1,2362,No,13,3,9
1166,No,Research & Development,2,3,Research Director,3,13499,No,17,3,18
1842,Yes,Human Resources,4,4,Human Resources,1,2956,No,17,3,1
417,No,Research & Development,3,4,Healthcare Representative,4,9613,No,17,3,18
1622,No,Research & Development,2,1,Manufacturing Director,1,4877,No,21,4,5
428,No,Research & Development,4,3,Manager,2,11878,No,11,3,10
201,No,Research & Development,2,3,Laboratory Technician,2,1483,No,14,3,1
797,No,Research & Development,2,4,Research Scientist,4,3280,No,16,3,4
64,Yes,Research & Development,1,2,Laboratory Technician,3,5381,Yes,13,3,1
1618,No,Research & Development,2,3,Manufacturing Director,1,5377,No,13,3,7
1011,No,Research & Development,3,3,Manufacturing Director,1,4148,No,12,3,4
1162,No,Research & Development,4,2,Research Scientist,3,2539,No,13,3,4
1577,No,Research & Development,1,3,Research Scientist,4,2972,No,13,3,1
632,No,Sales,4,3,Sales Representative,4,2400,No,13,3,2
1367,No,Research & Development,4,2,Manufacturing Director,2,13142,No,16,3,5
905,No,Research & Development,1,3,Manager,1,17924,No,11,3,31
530,No,Research & Development,4,2,Laboratory Technician,1,2218,No,12,3,4
699,No,Research & Development,2,2,Manufacturing Director,2,8847,Yes,11,3,3
437,No,Sales,4,3,Sales Executive,3,4478,Yes,11,3,5
24,No,Research & Development,4,3,Research Scientist,4,3944,Yes,11,3,3
954,No,Sales,1,2,Sales Executive,2,9705,No,12,3,1
46,No,Research & Development,4,4,Research Scientist,3,2645,No,12,3,5
1259,No,Research & Development,1,3,Research Scientist,3,2517,No,11,3,5
1154,No,Research & Development,3,2,Research Scientist,3,2703,Yes,14,3,3
1850,No,Research & Development,4,3,Laboratory Technician,4,2379,Yes,14,3,5
544,No,Research & Development,1,3,Research Scientist,4,2654,No,21,4,2
1285,No,Research & Development,3,3,Laboratory Technician,2,4444,No,13,3,11
733,No,Research & Development,4,3,Manufacturing Director,1,8793,No,21,4,9
1048,No,Sales,2,3,Manager,4,11904,Yes,14,3,6
1496,No,Research & Development,2,3,Manufacturing Director,3,10209,Yes,18,3,2
337,No,Research & Development,2,3,Research Director,3,13675,No,12,3,2
1592,No,Research & Development,4,4,Research Scientist,3,2073,No,16,3,2
1088,No,Research & Development,3,2,Healthcare Representative,3,8823,No,18,3,19
661,No,Research & Development,2,2,Research Director,4,16627,Yes,14,3,1
207,No,Sales,2,3,Sales Executive,4,8998,No,14,3,9
1350,No,Research & Development,3,3,Research Scientist,3,4249,Yes,11,3,9
1193,No,Research & Development,3,3,Research Scientist,1,2552,No,25,4,1
864,No,Sales,4,3,Sales Executive,1,10761,Yes,12,3,5
956,No,Sales,3,2,Sales Executive,1,4294,No,12,3,7
789,No,Sales,1,2,Sales Executive,1,7587,No,15,3,10
1971,No,Research & Development,1,3,Healthcare Representative,3,7510,No,17,3,10
22,No,Research & Development,4,4,Laboratory Technician,4,2935,Yes,13,3,1
167,Yes,Sales,4,3,Sales Representative,3,1675,Yes,19,3,0
1294,No,Research & Development,3,3,Manufacturing Director,2,5410,Yes,11,3,16
1379,Yes,Sales,3,2,Sales Representative,4,2785,No,14,3,1
2025,No,Research & Development,4,3,Manufacturing Director,2,5131,No,13,3,4
259,No,Research & Development,3,2,Manager,3,19999,No,14,3,33
1607,No,Research & Development,2,4,Research Scientist,4,3312,No,17,3,3
1397,No,Research & Development,3,3,Healthcare Representative,3,10920,No,21,4,6
2019,No,Sales,1,3,Sales Representative,4,3482,No,15,3,9
1720,No,Research & Development,1,3,Research Scientist,3,3433,No,13,3,5
838,No,Research & Development,3,2,Research Scientist,4,2553,No,16,3,5
246,No,Research & Development,3,3,Research Scientist,4,3929,Yes,23,4,4
411,No,Sales,4,2,Sales Representative,3,1200,No,12,3,0
669,No,Sales,3,3,Sales Representative,3,3447,No,11,3,3
1847,No,Research & Development,4,3,Research Scientist,2,6962,Yes,22,4,1
1725,No,Research & Development,2,3,Laboratory Technician,1,3907,No,13,3,6
1701,No,Research & Development,2,2,Research Scientist,4,2929,No,12,3,10
707,No,Sales,4,4,Sales Executive,2,4851,No,22,4,3
1506,No,Research & Development,1,2,Research Scientist,3,1563,No,14,3,1
643,No,Research & Development,4,2,Laboratory Technician,2,2127,No,21,4,1
214,No,Research & Development,2,2,Research Scientist,2,3346,Yes,20,4,1
21,No,Research & Development,1,4,Research Scientist,2,3298,Yes,12,3,6
1513,No,Research & Development,4,3,Laboratory Technician,2,3180,No,13,3,3
749,No,Sales,3,3,Sales Representative,3,2642,No,11,3,1
913,No,Research & Development,2,3,Research Scientist,1,2559,Yes,13,3,8
1684,Yes,Research & Development,4,2,Laboratory Technician,3,3989,Yes,11,3,5
1436,No,Sales,3,2,Sales Executive,1,5647,No,13,3,3
1727,No,Research & Development,3,3,Healthcare Representative,2,5562,No,14,3,10
1346,No,Research & Development,3,3,Research Scientist,4,4661,No,13,3,9
1948,No,Research & Development,3,3,Research Scientist,1,3065,Yes,13,3,4
389,No,Research & Development,2,3,Laboratory Technician,4,5415,Yes,19,3,10
1107,Yes,Research & Development,1,3,Laboratory Technician,3,2377,No,20,4,1
309,No,Research & Development,3,2,Research Scientist,4,2177,No,17,3,1
33,Yes,Research & Development,2,1,Research Scientist,1,3919,Yes,22,4,10
585,No,Sales,4,3,Sales Representative,2,2983,No,14,3,3
2013,No,Sales,2,2,Sales Representative,2,2269,No,14,3,2
315,Yes,Research & Development,3,2,Research Scientist,4,2389,Yes,13,3,4
49,No,Sales,4,3,Sales Representative,4,2014,No,13,3,2
1038,Yes,Sales,1,1,Manager,4,19845,No,15,3,32
1474,No,Research & Development,3,3,Research Scientist,3,2345,No,14,3,3
631,Yes,Sales,4,4,Sales Executive,3,4707,No,12,3,4
1756,No,Sales,4,3,Sales Executive,2,5147,No,15,3,11
2031,No,Research & Development,1,3,Manager,3,18880,No,11,3,22
958,No,Research & Development,3,3,Laboratory Technician,3,2519,No,21,4,11
1900,No,Research & Development,4,3,Manager,4,17174,No,11,3,22
887,No,Research & Development,3,3,Research Scientist,1,3580,No,16,3,4
1778,No,Human Resources,2,3,Human Resources,4,3539,No,13,3,9
1631,No,Research & Development,3,3,Manufacturing Director,3,5768,No,17,3,4
1719,No,Research & Development,4,2,Research Director,2,16704,No,11,3,21
1873,No,Research & Development,2,2,Research Scientist,4,2662,No,20,4,5
1111,Yes,Research & Development,1,2,Laboratory Technician,2,2596,No,15,3,1
217,No,Research & Development,3,3,Research Scientist,4,2323,No,24,4,2
1338,No,Human Resources,4,3,Manager,2,19717,No,14,3,7
1667,Yes,Sales,4,3,Sales Executive,4,4581,Yes,24,4,11
1138,No,Sales,4,2,Sales Executive,2,13120,No,17,3,9
1746,No,Human Resources,1,3,Human Resources,4,2145,No,14,3,2
1228,No,Research & Development,4,3,Manufacturing Director,4,7379,No,11,3,6
1277,Yes,Sales,1,1,Manager,2,18824,Yes,16,3,24
205,No,Sales,2,3,Sales Representative,3,2306,Yes,20,4,7
1888,No,Research & Development,2,2,Manufacturing Director,4,5906,No,13,3,9
692,No,Research & Development,3,3,Healthcare Representative,4,7725,No,23,4,13
1602,No,Sales,4,4,Manager,1,17567,No,15,3,26
1728,No,Research & Development,4,3,Manufacturing Director,3,6883,No,16,3,7
138,No,Research & Development,1,3,Research Scientist,3,4809,No,14,3,16
812,No,Research & Development,3,2,Laboratory Technician,2,2694,No,11,3,1
1826,No,Research & Development,2,1,Laboratory Technician,3,2705,No,16,3,5
1612,No,Sales,1,2,Sales Executive,1,4385,No,15,3,10
70,No,Research & Development,3,2,Healthcare Representative,1,9884,Yes,13,3,4
204,No,Sales,3,3,Sales Executive,2,7295,No,13,3,10
534,No,Sales,2,4,Sales Executive,1,8392,No,16,3,10
2009,No,Research & Development,2,3,Healthcare Representative,4,4878,Yes,13,3,9
286,No,Research & Development,2,3,Laboratory Technician,4,2153,No,13,3,8
1982,No,Research & Development,4,3,Laboratory Technician,4,2647,No,13,3,5
1586,No,Research & Development,2,3,Laboratory Technician,1,4723,Yes,18,3,10
12,No,Research & Development,4,2,Manufacturing Director,3,9526,No,21,4,9
1430,No,Research & Development,1,3,Research Director,2,16422,No,11,3,3
1849,No,Sales,1,3,Sales Executive,4,5675,No,20,4,7
1494,Yes,Research & Development,2,3,Laboratory Technician,1,3172,Yes,11,3,0
606,No,Sales,4,3,Sales Executive,2,4805,No,19,3,8
347,No,Research & Development,4,4,Research Scientist,1,6545,Yes,13,3,3
1252,No,Research & Development,3,2,Healthcare Representative,1,6812,No,19,3,10
1799,No,Research & Development,3,3,Research Scientist,4,2044,No,11,3,5
1234,No,Research & Development,3,2,Laboratory Technician,2,2743,No,20,4,2
1952,No,Research & Development,3,3,Laboratory Technician,1,2867,No,13,3,7
861,No,Research & Development,2,2,Research Scientist,4,3761,No,12,3,5
465,No,Research & Development,3,3,Research Scientist,4,2904,No,12,3,4
1766,No,Research & Development,2,1,Healthcare Representative,4,5811,Yes,16,3,1
362,No,Research & Development,4,2,Laboratory Technician,1,2176,No,13,3,6
202,No,Research & Development,2,3,Research Scientist,2,5605,No,11,3,20
635,No,Research & Development,2,3,Manufacturing Director,2,6447,No,12,3,6
888,No,Research & Development,1,2,Laboratory Technician,4,3162,No,17,3,5
2048,No,Research & Development,3,2,Research Scientist,3,2809,No,14,3,2
1949,No,Research & Development,1,4,Laboratory Technician,2,2810,No,22,4,5
758,No,Research & Development,2,3,Laboratory Technician,1,2500,No,14,3,4
1295,Yes,Research & Development,1,3,Healthcare Representative,4,7978,No,11,3,10
659,No,Research & Development,3,3,Healthcare Representative,4,4089,No,13,3,10
1865,No,Human Resources,4,2,Human Resources,2,2804,No,11,3,1
1649,Yes,Research & Development,1,3,Laboratory Technician,1,2166,Yes,14,3,4
198,No,Research & Development,2,2,Laboratory Technician,4,2720,No,13,3,5
533,No,Sales,2,3,Sales Executive,3,6577,No,11,3,5
1334,No,Research & Development,3,3,Manager,3,17861,Yes,13,3,20
1943,No,Sales,2,3,Sales Executive,4,5087,Yes,12,3,0
916,No,Sales,1,3,Sales Executive,4,4908,No,14,3,4
622,Yes,Research & Development,3,1,Laboratory Technician,4,2340,Yes,18,3,1
253,No,Research & Development,4,3,Manager,3,19033,No,14,3,20
1617,No,Research & Development,3,3,Laboratory Technician,1,3211,No,14,3,9
1718,No,Research & Development,4,1,Laboratory Technician,3,2305,No,15,3,3
842,Yes,Sales,3,3,Sales Executive,4,5160,No,16,3,9
194,No,Research & Development,1,3,Research Scientist,3,2632,No,14,3,5
1040,No,Sales,4,3,Sales Executive,3,6347,No,12,3,18
1380,Yes,Sales,4,3,Sales Executive,3,4614,Yes,18,3,4
270,No,Research & Development,3,3,Manufacturing Director,3,5265,No,16,3,5
1238,No,Research & Development,1,3,Research Scientist,4,2781,No,13,3,14
385,No,Research & Development,1,3,Research Director,2,19144,No,14,3,10
401,Yes,Sales,4,2,Sales Executive,4,5828,Yes,12,3,8
2027,Yes,Research & Development,1,3,Research Scientist,4,4787,Yes,14,3,2
531,No,Research & Development,2,3,Manager,3,19197,Yes,14,3,21
161,Yes,Research & Development,2,3,Research Scientist,2,4963,Yes,18,3,5
1694,No,Research & Development,1,2,Research Scientist,2,3537,No,12,3,4
277,No,Research & Development,4,3,Research Scientist,3,3815,Yes,17,3,5
1164,No,Human Resources,3,3,Human Resources,3,4323,No,17,3,5
338,No,Research & Development,3,2,Research Scientist,4,2911,No,13,3,2
1967,Yes,Sales,1,3,Sales Executive,4,5617,Yes,11,3,10
1947,No,Research & Development,3,3,Research Scientist,3,2144,No,14,3,5
1624,Yes,Sales,2,3,Sales Representative,4,1569,Yes,12,3,0
513,No,Sales,2,2,Sales Executive,3,7596,No,13,3,10
1816,No,Research & Development,1,3,Manufacturing Director,3,9667,No,14,3,7
1195,No,Research & Development,1,3,Research Scientist,3,4477,Yes,19,3,3
303,No,Sales,4,3,Sales Executive,1,5940,No,14,3,6
889,No,Sales,2,3,Sales Executive,2,6524,No,14,3,10
2,No,Research & Development,3,2,Research Scientist,2,5130,No,23,4,10
148,No,Human Resources,4,4,Manager,4,17328,Yes,12,3,5
975,No,Sales,3,3,Sales Executive,3,4601,No,16,3,5
1974,No,Research & Development,4,1,Laboratory Technician,4,1129,Yes,11,3,1
1329,No,Sales,3,1,Sales Executive,2,6151,No,13,3,19
1809,Yes,Research & Development,4,3,Manufacturing Director,1,4213,No,15,3,10
1862,Yes,Sales,3,2,Sales Executive,2,9907,Yes,12,3,2
591,No,Research & Development,2,3,Laboratory Technician,3,2093,No,17,3,2
1604,Yes,Research & Development,3,3,Laboratory Technician,2,2408,Yes,17,3,1
1760,No,Research & Development,3,2,Laboratory Technician,2,2468,No,14,3,6
923,Yes,Research & Development,4,3,Research Scientist,4,2693,No,19,3,1
1886,No,Research & Development,4,2,Manufacturing Director,2,4788,Yes,11,3,3
1761,Yes,Sales,1,3,Sales Executive,3,8161,No,13,3,1
1829,No,Research & Development,2,3,Healthcare Representative,1,4448,No,12,3,7
433,Yes,Research & Development,3,2,Research Scientist,2,4941,No,15,3,8
900,No,Sales,3,3,Sales Representative,4,2973,No,15,3,5
991,Yes,Research & Development,3,2,Research Scientist,1,2321,Yes,22,4,3
1798,No,Research & Development,4,4,Research Scientist,1,3143,No,19,3,10
1368,No,Research & Development,4,3,Laboratory Technician,4,1611,No,15,3,0
867,No,Research & Development,3,2,Manufacturing Director,4,13826,No,22,4,9
875,No,Research & Development,2,3,Research Scientist,4,2515,Yes,14,3,2
1751,No,Research & Development,3,3,Research Scientist,4,3445,No,11,3,6
2017,No,Research & Development,3,4,Research Director,4,13744,Yes,25,4,16
1757,No,Sales,4,3,Sales Executive,4,4507,No,12,3,5
1909,No,Sales,3,3,Sales Executive,2,4393,No,21,4,5
1105,No,Sales,4,2,Sales Executive,4,6694,Yes,14,3,1
896,Yes,Sales,2,2,Sales Representative,3,2800,Yes,19,3,3
1427,Yes,Sales,2,1,Sales Representative,3,1359,No,12,3,1
769,No,Research & Development,4,3,Laboratory Technician,4,2450,No,17,3,2
950,No,Research & Development,4,3,Research Director,1,13582,No,13,3,15
802,No,Research & Development,4,3,Research Scientist,1,2782,Yes,13,3,5
1568,No,Sales,3,3,Sales Executive,2,9250,No,12,3,4
1772,No,Research & Development,3,3,Laboratory Technician,1,2289,No,20,4,5
1664,No,Research & Development,4,4,Healthcare Representative,1,6842,No,20,4,5
717,No,Research & Development,4,2,Healthcare Representative,2,8621,No,14,3,8
1492,No,Sales,4,3,Sales Representative,3,2404,No,13,3,1
741,Yes,Research & Development,1,1,Research Scientist,2,2216,Yes,13,3,7
1676,No,Sales,2,4,Manager,2,15972,No,14,3,3
1037,Yes,Sales,2,1,Sales Executive,1,4969,No,18,3,2
1915,No,Sales,4,2,Sales Executive,4,8103,Yes,12,3,4
653,No,Sales,1,4,Sales Executive,4,5460,No,22,4,7
126,No,Research & Development,1,3,Research Director,3,13549,No,12,3,4
1438,No,Research & Development,1,3,Research Scientist,4,3420,No,12,3,6
781,No,Sales,3,3,Sales Executive,4,6180,No,23,4,6
1770,No,Research & Development,3,2,Research Director,1,19038,No,12,3,1
1030,No,Research & Development,1,3,Laboratory Technician,4,2380,No,18,3,1
1207,No,Human Resources,2,3,Human Resources,3,3600,No,13,3,5
1246,No,Research & Development,1,4,Research Scientist,4,2011,No,13,3,10
1466,No,Sales,3,3,Sales Executive,1,5486,No,11,3,2
284,No,Research & Development,4,4,Research Scientist,2,2328,Yes,16,3,4
522,No,Research & Development,1,3,Research Director,1,19406,No,11,3,4
1103,No,Research & Development,1,3,Healthcare Representative,4,7756,No,17,3,6
1218,No,Sales,3,3,Sales Executive,1,8966,Yes,15,3,7
527,No,Sales,2,2,Sales Executive,4,4487,Yes,11,3,5
1061,No,Research & Development,2,3,Research Director,3,19237,Yes,11,3,8
1893,No,Research & Development,2,2,Research Scientist,3,2933,Yes,13,3,1
1739,No,Sales,4,1,Sales Executive,3,9610,No,13,3,4
1448,No,Research & Development,2,4,Research Scientist,3,2127,Yes,12,3,4
893,No,Sales,2,2,Sales Representative,2,2899,No,19,3,2
846,No,Sales,2,3,Sales Executive,2,4779,Yes,20,4,8
1349,No,Sales,3,3,Sales Executive,1,4103,No,17,3,9
1010,Yes,Research & Development,3,2,Laboratory Technician,2,3743,Yes,24,4,4
952,Yes,Sales,3,2,Sales Representative,2,2413,Yes,18,3,1
131,No,Sales,4,3,Sales Executive,3,13872,No,13,3,37
1116,No,Research & Development,1,4,Manager,4,16885,No,22,4,5
543,No,Research & Development,4,2,Manufacturing Director,3,7969,Yes,14,3,5
682,No,Sales,4,3,Sales Executive,1,8381,No,20,4,14
1509,No,Research & Development,3,2,Laboratory Technician,1,4789,No,25,4,3
1486,Yes,Sales,1,3,Sales Representative,3,2909,No,15,3,3
1296,No,Research & Development,4,2,Laboratory Technician,4,3867,Yes,12,3,2
1081,Yes,Research & Development,1,3,Research Scientist,3,2461,Yes,12,3,10
274,No,Research & Development,3,2,Manufacturing Director,1,4298,No,19,3,2
177,No,Human Resources,3,3,Human Resources,3,2942,No,23,4,8
1481,No,Sales,1,3,Sales Executive,3,4768,No,12,3,1
53,No,Research & Development,3,3,Laboratory Technician,4,1951,No,12,3,1
1434,No,Research & Development,2,3,Laboratory Technician,1,2099,No,14,3,5
316,No,Research & Development,3,2,Laboratory Technician,4,3212,No,15,3,2
502,Yes,Sales,1,4,Sales Executive,4,5304,Yes,13,3,5
394,Yes,Research & Development,1,3,Laboratory Technician,2,2373,Yes,13,3,3
560,No,Research & Development,1,3,Research Scientist,4,2886,No,22,4,3
521,No,Research & Development,2,2,Laboratory Technician,3,3448,No,22,4,1
820,No,Research & Development,3,3,Manager,4,16752,Yes,11,3,26
1639,Yes,Sales,4,2,Sales Executive,1,10306,No,17,3,13
1539,No,Research & Development,3,1,Research Director,4,14411,Yes,13,3,32
899,No,Research & Development,4,2,Manufacturing Director,2,10903,No,16,3,13
1623,No,Research & Development,3,3,Research Scientist,4,3117,No,18,3,2
1931,No,Research & Development,2,3,Research Scientist,2,2226,No,11,3,5
712,No,Sales,2,4,Sales Executive,2,8120,No,12,3,2
83,No,Research & Development,3,3,Healthcare Representative,3,10096,No,13,3,17
19,Yes,Research & Development,3,2,Laboratory Technician,3,2028,Yes,14,3,4
1659,No,Research & Development,1,3,Laboratory Technician,2,2013,No,11,3,4
1499,No,Human Resources,3,3,Human Resources,3,2064,No,21,4,5
664,No,Research & Development,4,2,Manager,1,15402,No,11,3,3
505,No,Research & Development,3,3,Manager,4,16659,Yes,13,3,5
254,No,Research & Development,3,4,Research Director,2,18722,No,11,3,24
1055,No,Sales,3,3,Sales Representative,3,2220,Yes,19,3,1
299,Yes,Sales,3,2,Sales Executive,1,6696,No,15,3,6
1100,Yes,Sales,4,3,Sales Executive,1,9582,Yes,22,4,8
1520,No,Research & Development,2,3,Manager,4,16032,No,20,4,14
1231,No,Human Resources,4,4,Human Resources,1,6272,No,16,3,4
455,No,Research & Development,2,2,Laboratory Technician,4,3983,No,17,3,3
1003,No,Sales,4,3,Sales Executive,4,4163,Yes,17,3,9
404,No,Sales,3,3,Sales Executive,2,13525,No,14,3,20
1433,Yes,Research & Development,1,2,Research Scientist,2,1261,No,12,3,1
1786,No,Research & Development,1,3,Manager,3,13116,No,11,3,2
612,No,Research & Development,1,4,Research Director,3,16184,No,19,3,6
2062,No,Research & Development,4,2,Healthcare Representative,1,9991,No,15,3,7
1131,No,Research & Development,4,2,Research Scientist,2,2070,Yes,11,3,2
373,No,Research & Development,4,3,Laboratory Technician,4,3210,No,11,3,15
1402,No,Research & Development,1,2,Research Scientist,3,4081,Yes,14,3,20
275,No,Research & Development,4,3,Manufacturing Director,4,6804,Yes,15,3,7
218,No,Research & Development,4,3,Research Scientist,2,2024,No,18,3,2
1014,No,Research & Development,3,3,Healthcare Representative,3,10388,Yes,11,3,16
532,No,Sales,3,4,Sales Executive,1,13212,No,11,3,7
982,No,Sales,3,3,Sales Executive,3,7264,No,11,3,8
1595,No,Research & Development,4,2,Manager,4,19613,No,22,4,1
784,No,Research & Development,1,4,Research Scientist,3,3505,No,18,3,2
1439,Yes,Sales,1,2,Sales Representative,1,4400,No,12,3,3
1445,No,Sales,4,3,Sales Executive,3,4162,Yes,12,3,5
1558,No,Research & Development,3,4,Research Scientist,3,2451,No,18,3,1
283,Yes,Sales,2,3,Sales Executive,4,7639,No,22,4,10
45,Yes,Research & Development,2,3,Research Scientist,4,2293,Yes,16,3,2
1076,No,Sales,3,2,Sales Executive,4,10798,No,13,3,1
691,No,Research & Development,2,1,Research Scientist,4,6646,No,13,3,17
2035,No,Sales,4,2,Sales Executive,3,6712,No,21,4,8
1960,Yes,Research & Development,3,2,Laboratory Technician,4,2367,No,12,3,4
120,No,Sales,3,3,Sales Executive,4,5441,Yes,22,4,10
1924,No,Sales,2,3,Sales Executive,3,5487,No,14,3,10
1254,No,Sales,3,2,Sales Executive,4,5171,No,17,3,6
783,No,Sales,2,1,Sales Representative,3,6632,No,13,3,8
1933,Yes,Sales,4,3,Sales Executive,3,9854,Yes,11,3,2
1077,Yes,Sales,4,3,Sales Representative,4,2323,Yes,14,3,2
333,No,Sales,3,3,Sales Executive,4,4465,No,18,3,3
18,No,Research & Development,2,3,Laboratory Technician,4,2661,No,11,3,2
430,No,Research & Development,3,3,Laboratory Technician,4,2455,No,19,3,8
830,No,Research & Development,3,2,Manufacturing Director,3,6162,No,12,3,14
516,No,Sales,4,3,Sales Executive,2,5715,No,12,3,5
1818,Yes,Human Resources,4,3,Human Resources,2,2148,Yes,11,3,5
227,No,Research & Development,1,3,Research Scientist,3,2451,No,12,3,9
1172,No,Research & Development,4,2,Laboratory Technician,3,2258,No,12,3,8
26,No,Research & Development,1,4,Manufacturing Director,3,4011,No,18,3,4
897,No,Sales,1,3,Sales Executive,4,11836,No,14,3,2
1625,No,Human Resources,4,3,Manager,3,19658,No,11,3,5
1160,Yes,Research & Development,3,3,Laboratory Technician,3,2610,No,12,3,2
1774,No,Sales,4,3,Sales Executive,3,4001,Yes,14,3,15
780,Yes,Research & Development,4,3,Research Scientist,4,2686,Yes,13,3,10
2016,No,Sales,3,3,Sales Executive,4,10422,No,19,3,14
957,No,Research & Development,4,3,Laboratory Technician,1,4721,Yes,13,3,18
1340,No,Research & Development,3,3,Research Scientist,3,3544,No,16,3,4
258,No,Research & Development,4,3,Healthcare Representative,2,13734,No,18,3,7
1372,Yes,Sales,1,4,Sales Executive,3,13695,Yes,17,3,19
976,No,Research & Development,4,3,Manager,4,17099,No,15,3,9
698,No,Human Resources,3,3,Human Resources,2,10725,No,15,3,9
1533,No,Research & Development,1,3,Laboratory Technician,3,2272,No,14,3,4
639,No,Research & Development,2,4,Research Scientist,4,2725,Yes,11,3,6
1198,No,Research & Development,1,2,Laboratory Technician,3,3033,No,12,3,2
1036,No,Sales,2,3,Sales Executive,4,6861,Yes,12,3,1
346,No,Research & Development,3,3,Research Scientist,4,2340,No,19,3,6
27,Yes,Sales,3,2,Sales Representative,1,3407,No,23,4,5
1875,No,Sales,2,3,Sales Representative,2,2856,No,19,3,1
616,No,Research & Development,1,2,Healthcare Representative,3,6811,Yes,17,3,8
1665,No,Research & Development,2,3,Manager,3,17426,No,25,4,10
381,No,Research & Development,2,4,Manager,2,11996,No,18,3,7
1336,No,Research & Development,4,1,Manager,3,19187,No,14,3,19
1704,No,Research & Development,1,2,Research Scientist,4,4930,Yes,14,3,5
514,Yes,Research & Development,3,3,Research Scientist,4,2285,Yes,23,4,1
1117,No,Sales,2,2,Sales Executive,3,5593,No,13,3,15
2022,No,Research & Development,4,3,Manager,4,19431,No,13,3,6
463,No,Sales,4,2,Sales Executive,2,8268,Yes,14,3,7
1068,No,Research & Development,1,2,Research Scientist,3,2007,No,13,3,5
1868,Yes,Research & Development,4,2,Research Scientist,4,2439,Yes,24,4,1
171,No,Research & Development,2,4,Research Scientist,3,4739,No,12,3,3
1219,Yes,Research & Development,4,3,Laboratory Technician,2,2210,No,13,3,1
1587,No,Research & Development,1,3,Healthcare Representative,3,6142,Yes,16,3,5
1968,Yes,Sales,1,3,Sales Executive,1,10448,Yes,13,3,2
116,No,Research & Development,4,3,Laboratory Technician,4,2075,No,23,4,4
448,No,Research & Development,3,2,Laboratory Technician,3,5257,No,11,3,9
1735,No,Research & Development,3,3,Laboratory Technician,2,3295,No,13,3,3
625,No,Sales,2,3,Manager,1,16595,No,16,3,18
160,No,Sales,3,3,Sales Executive,2,6146,No,13,3,7
1473,No,Research & Development,1,3,Healthcare Representative,3,6651,No,14,3,3
1549,No,Research & Development,2,3,Laboratory Technician,3,5207,Yes,12,3,15
1596,No,Research & Development,2,4,Laboratory Technician,3,3407,No,17,3,10
1814,No,Research & Development,2,4,Healthcare Representative,2,6870,No,12,3,3
1203,Yes,Research & Development,3,2,Research Scientist,4,2853,Yes,11,3,0
2053,No,Research & Development,4,2,Laboratory Technician,2,4025,Yes,13,3,4
1591,No,Sales,3,3,Manager,3,19331,Yes,16,3,1
